"Variable / Field Name","Form Name","Section Header","Field Type","Field Label","Choices, Calculations, OR Slider Labels","Field Note","Text Validation Type OR Show Slider Number","Text Validation Min","Text Validation Max",Identifier?,"Branching Logic (Show field only if...)","Required Field?","Custom Alignment","Question Number (surveys only)","Matrix Group Name","Matrix Ranking?","Field Annotation"
record_id_contact,contact_log,,text,"Record ID",,,,,,,,,,,,,
first_name,contact_log,,text,"First Name",,,,,,y,,,,,,,
last_name,contact_log,,text,"Last Name",,,,,,y,,,,,,,
study_status,contact_log,,text,"Study Status",,,,,,,,,,,,,
study_status_notes,contact_log,,notes,"Study Status Notes",,,,,,,,,,,,,
training_status,contact_log,,radio,"Training Status","1, Trained | 2, Untrained | 3, Moderately Trained",,,,,,,,,,,,
phone,contact_log,,text,Phone,,,phone,,,y,,,,,,,
email,contact_log,,text,Email,,,email,,,y,,,,,,,
age,contact_log,,text,Age,,,,,,,,,,,,,
sex,contact_log,,radio,Sex,"1, Male | 2, Female",,,,,,,,,,,,
height,contact_log,,text,"Height (in)",,,,,,,,,,,,,
weight_cl,contact_log,,text,"Weight (lbs)",,,,,,,,,,,,,
bmi,contact_log,,calc,BMI,(([weight_cl]/([height]*[height]))*703),,,,,,,,,,,,
dominant,contact_log,,radio,"Dominant Side","1, Righty | 2, Lefty",,,,,,,,,,,,
phone_interview,contact_log,Schedule,text,"Phone Interview",,,datetime_mdy,,,,,,,,,,
habituation_session,contact_log,,text,"Habituation Session",,,datetime_mdy,,,,,,,,,,
study_session,contact_log,,text,"Study Session",,,datetime_mdy,,,,,,,,,,
general_availability_notes,contact_log,Availability,notes,"General Availability Notes",,,,,,,,,,,,,
monday,contact_log,,radio,Monday,"1, Very Available | 2, Somewhat Available | 3, Not Available",,,,,,,,,,availabilitymat,,
tuesday,contact_log,,radio,Tuesday,"1, Very Available | 2, Somewhat Available | 3, Not Available",,,,,,,,,,availabilitymat,,
wednesday,contact_log,,radio,Wednesday,"1, Very Available | 2, Somewhat Available | 3, Not Available",,,,,,,,,,availabilitymat,,
thursday,contact_log,,radio,Thursday,"1, Very Available | 2, Somewhat Available | 3, Not Available",,,,,,,,,,availabilitymat,,
friday,contact_log,,radio,Friday,"1, Very Available | 2, Somewhat Available | 3, Not Available",,,,,,,,,,availabilitymat,,
saturday,contact_log,,radio,Saturday,"1, Very Available | 2, Somewhat Available | 3, Not Available",,,,,,,,,,availabilitymat,,
monday_availability_notes,contact_log,,text,"Monday Availability Notes",,,,,,,"[monday] = '1' or [monday] = '2'",,,,,,
tuesday_availability_notes,contact_log,,text,"Tuesday Availability Notes",,,,,,,"[tuesday] = '1' or [tuesday] = '2'",,,,,,
wednesday_availabilty_note,contact_log,,text,"Wednesday Availability Notes",,,,,,,"[wednesday] = '1' or [wednesday] = '2'",,,,,,
thursday_availability_note,contact_log,,text,"Thursday Availability Notes",,,,,,,"[thursday] = '1' or [thursday] = '2'",,,,,,
friday_availability_notes,contact_log,,text,"Friday Availability Notes",,,,,,,"[friday] = '1' or [friday] = '2'",,,,,,
saturday_availability_note,contact_log,,text,"Saturday Availability Notes",,,,,,,"[saturday] = '1' or [saturday] = '2'",,,,,,
c10_date_time,contact_log,"Contact 10",text,Date/Time,,,datetime_mdy,,,,"[c9_type] = '1' or [c9_type] = '2' or [c9_type] = '3'",,,,,,
c10_type,contact_log,,radio,Type,"1, Email | 2, Phone | 3, Other",,,,,,"[c9_type] = '1' or [c9_type] = '2' or [c9_type] = '3'",,,,,,
c10_purpose,contact_log,,text,"Purpose of Contact",,,,,,,"[c9_type] = '1' or [c9_type] = '2' or [c9_type] = '3'",,,,,,
c10_notes,contact_log,,text,Notes,,,,,,,"[c9_type] = '1' or [c9_type] = '2' or [c9_type] = '3'",,,,,,
c9_date_time,contact_log,"Contact 9",text,Date/Time,,,datetime_mdy,,,,"[c8_type] = '1' or [c8_type] = '2' or [c8_type] = '3'",,,,,,
c9_type,contact_log,,radio,Type,"1, Email | 2, Phone | 3, Other",,,,,,"[c8_type] = '1' or [c8_type] = '2' or [c8_type] = '3'",,,,,,
c9_purpose,contact_log,,text,"Purpose of Contact",,,,,,,"[c8_type] = '1' or [c8_type] = '2' or [c8_type] = '3'",,,,,,
c9_notes,contact_log,,text,Notes,,,,,,,"[c8_type] = '1' or [c8_type] = '2' or [c8_type] = '3'",,,,,,
c8_date_time,contact_log,"Contact 8",text,Date/Time,,,datetime_mdy,,,,"[c7_type] = '1' or [c7_type] = '2' or [c7_type] = '3'",,,,,,
c8_type,contact_log,,radio,Type,"1, Email | 2, Phone | 3, Other",,,,,,"[c7_type] = '1' or [c7_type] = '2' or [c7_type] = '3'",,,,,,
c8_purpose,contact_log,,text,"Purpose of Contact",,,,,,,"[c7_type] = '1' or [c7_type] = '2' or [c7_type] = '3'",,,,,,
c8_notes,contact_log,,text,Notes,,,,,,,"[c7_type] = '1' or [c7_type] = '2' or [c7_type] = '3'",,,,,,
c7_date_time,contact_log,"Contact 7",text,Date/Time,,,datetime_mdy,,,,"[c6_type] = '1' or [c6_type] = '2' or [c6_type] = '3'",,,,,,
c7_type,contact_log,,radio,Type,"1, Email | 2, Phone | 3, Other",,,,,,"[c6_type] = '1' or [c6_type] = '2' or [c6_type] = '3'",,,,,,
c7_purpose,contact_log,,text,"Purpose of Contact",,,,,,,"[c6_type] = '1' or [c6_type] = '2' or [c6_type] = '3'",,,,,,
c7_notes,contact_log,,text,Notes,,,,,,,"[c6_type] = '1' or [c6_type] = '2' or [c6_type] = '3'",,,,,,
c6_date_time,contact_log,"Contact 6",text,Date/Time,,,datetime_mdy,,,,"[c5_type] = '1' or [c5_type] = '2' or [c5_type] = '3'",,,,,,
c6_type,contact_log,,radio,Type,"1, Email | 2, Phone | 3, Other",,,,,,"[c5_type] = '1' or [c5_type] = '2' or [c5_type] = '3'",,,,,,
c6_purpose,contact_log,,text,"Purpose of Contact",,,,,,,"[c5_type] = '1' or [c5_type] = '2' or [c5_type] = '3'",,,,,,
c6_notes,contact_log,,text,Notes,,,,,,,"[c5_type] = '1' or [c5_type] = '2' or [c5_type] = '3'",,,,,,
c5_date_time,contact_log,"Contact 5",text,Date/Time,,,datetime_mdy,,,,"[c4_type] = '1' or [c4_type] = '2' or [c4_type] = '3'",,,,,,
c5_type,contact_log,,radio,Type,"1, Email | 2, Phone | 3, Other",,,,,,"[c4_type] = '1' or [c4_type] = '2' or [c4_type] = '3'",,,,,,
c5_purpose,contact_log,,text,"Purpose of Contact",,,,,,,"[c4_type] = '1' or [c4_type] = '2' or [c4_type] = '3'",,,,,,
c5_notes,contact_log,,text,Notes,,,,,,,"[c4_type] = '1' or [c4_type] = '2' or [c4_type] = '3'",,,,,,
c4_date_time,contact_log,"Contact 4",text,Date/Time,,,datetime_mdy,,,,"[c3_type] = '1' or [c3_type] = '2' or [c3_type] = '3'",,,,,,
c4_type,contact_log,,radio,Type,"1, Email | 2, Phone | 3, Other",,,,,,"[c3_type] = '1' or [c3_type] = '2' or [c3_type] = '3'",,,,,,
c4_purpose,contact_log,,text,"Purpose of Contact",,,,,,,"[c3_type] = '1' or [c3_type] = '2' or [c3_type] = '3'",,,,,,
c4_notes,contact_log,,text,Notes,,,,,,,"[c3_type] = '1' or [c3_type] = '2' or [c3_type] = '3'",,,,,,
c3_date_time,contact_log,"Contact 3",text,Date/Time,,,datetime_mdy,,,,"[c2_type] = '1' or [c2_type] = '2' or [c2_type] = '3'",,,,,,
c3_type,contact_log,,radio,Type,"1, Email | 2, Phone | 3, Other",,,,,,"[c2_type] = '1' or [c2_type] = '2' or [c2_type] = '3'",,,,,,
c3_purpose,contact_log,,text,"Purpose of Contact",,,,,,,"[c2_type] = '1' or [c2_type] = '2' or [c2_type] = '3'",,,,,,
c3_notes,contact_log,,text,Notes,,,,,,,"[c2_type] = '1' or [c2_type] = '2' or [c2_type] = '3'",,,,,,
c2_date_time,contact_log,"Contact 2",text,Date/Time,,,datetime_mdy,,,,"[c1_type] = '1' or [c1_type] = '2' or [c1_type] = '3'",,,,,,
c2_type,contact_log,,radio,Type,"1, Email | 2, Phone | 3, Other",,,,,,"[c1_type] = '1' or [c1_type] = '2' or [c1_type] = '3'",,,,,,
c2_purpose,contact_log,,text,"Purpose of Contact",,,,,,,"[c1_type] = '1' or [c1_type] = '2' or [c1_type] = '3'",,,,,,
c2_notes,contact_log,,text,Notes,,,,,,,"[c1_type] = '1' or [c1_type] = '2' or [c1_type] = '3'",,,,,,
c1_date_time,contact_log,"Contact 1",text,Date/Time,,,datetime_mdy,,,,,,,,,,
c1_type,contact_log,,radio,Type,"1, Email | 2, Phone | 3, Other",,,,,,,,,,,,
c1_purpose,contact_log,,text,"Purpose of Contact",,,,,,,,,,,,,
c1_notes,contact_log,,text,Notes,,,,,,,,,,,,,
record_id_dem,demographics,,text,"Record ID",,,,,,,,,,,,,
name,demographics,,text,Name:,,,,,,y,,y,,,,,
date_of_birth,demographics,,text,"Date of Birth:",,,date_mdy,,,y,,y,,,,,
ethnic_category,demographics,,radio,"Ethnic Category:","1, Hispanic or Latino | 2, Not Hispanic or Latino | 3, I choose not to report my ethnicity",,,,,,,,,,,,
racial_category,demographics,,checkbox,"Racial Category:","1, American Indian / Alaska Native | 2, White | 3, Asian | 4, Black or African American | 5, Native Hawaiian / Pacific Islander | 6, I choose not to report my race","Mark 1 or more boxes",,,,,,,,,,,
a_problems_of_the_heart_an,history,"<font size= 2> 1. Have you been diagnosed by a physician with: </font> ",descriptive,"<center> <I> <font color= ""navy""> <font size= 2> 

Problems of the Heart and Blood Vessels </I> </font> </center>",,,,,,,,,,,,,
heart_problems_such_as_pal,history,,yesno,"<p style=""margin-left:.5in""> Heart problems (such as palpitations or abnormal heart rhythm, heart murmur, heart failure, etc.) </p style>",,,,,,,,,,,,,
please_explain1,history,,notes,"<p style=""margin-left:.75in""> Please give details </p style.",,,,,,,"[heart_problems_such_as_pal] = '1'",,,,,,
high_blood_pressure,history,,yesno,"<p style=""margin-left:.5in""> High Blood Pressure </p style>",,,,,,,,,,,,,
please_explain2,history,,notes,"<p style=""margin-left:.75in""> Please give details </p style>",,,,,,,"[high_blood_pressure] = '1'",,,,,,
problems_of_the_blood_vess,history,,yesno,"<p style=""margin-left:.5in""> Problems of the blood vessels, such as arteriosclerosis (hardening of the arteries) or peripheral artery disease (PAD, PVD) </p style>",,,,,,,,,,,,,
please_explain3,history,,notes,"<p style=""margin-left:.75in"">Please give details </p style>",,,,,,,"[problems_of_the_blood_vess] = '1'",,,,,,
discomfort_in_chest_with_e,history,,yesno,"<p style=""margin-left:.5in"">Discomfort in chest with exercise </p style>",,,,,,,,,,,,,
please_explain4,history,,notes,"<p style=""margin-left:.75in""> Please give details </p style>",,,,,,,"[discomfort_in_chest_with_e] = '1'",,,,,,
swelling_in_the_ankles_not,history,,yesno,"<p style=""margin-left:.5in""> Swelling in the ankles (not associated with injury) </p style>",,,,,,,,,,,,,
please_explain5,history,,notes,"<p style=""margin-left:.75in""> Please give details </p style>",,,,,,,"[swelling_in_the_ankles_not] = '1'",,,,,,
stroke,history,,yesno,"<p style=""margin-left:.5in""> Stroke </p style>",,,,,,,,,,,,,
please_explain6,history,,notes,"<p style=""margin-left:.75in""> Please give details </p style>",,,,,,,"[stroke] = '1'",,,,,,
b_problems_with_the_nervou,history,,descriptive,"<center> <I> <font color= ""navy""> <font size= 2> 

Problems with the Nervous and Muscular Systems </I> </font> </center>",,,,,,,,,,,,,
epilepsy_multiple_sclerosi,history,,yesno,"<p style=""margin-left:.5in""> Epilepsy, multiple sclerosis or other disorder </p style>",,,,,,,,,,,,,
please_explain7,history,,notes,"<p style=""margin-left:.75in""> Please give details </p style>",,,,,,,"[epilepsy_multiple_sclerosi] = '1'",,,,,,
dizziness_or_fainting,history,,yesno,"<p style=""margin-left:.5in""> Dizziness or fainting </p style>",,,,,,,,,,,,,
please_explain8,history,,notes,"<p style=""margin-left:.75in""> Please give details </p style>",,,,,,,"[dizziness_or_fainting] = '1'",,,,,,
muscle_disease_such_as_dys,history,,yesno,"<p style=""margin-left:.5in""> Muscle disease such as dystrophy or inflammatory muscle diseases </p style>",,,,,,,,,,,,,
please_explain9,history,,notes,"<p style=""margin-left:.75in""> Please give details </p style>",,,,,,,"[muscle_disease_such_as_dys] = '1'",,,,,,
movement_disorders_such_as,history,,yesno,"<p style=""margin-left:.5in""> Movement disorders such as Parkinson's, tremor, etc. </p style>",,,,,,,,,,,,,
please_explain10,history,,notes,"<p style=""margin-left:.75in""> Please give details </p style>",,,,,,,"[movement_disorders_such_as] = '1'",,,,,,
respiratory_problems,history,,descriptive,"<center> <I> <font color= ""navy""> <font size= 2> 

Respiratory Problems </I> </font> </center>",,,,,,,,,,,,,
asthma_emphysema_or_other,history,,yesno,"<p style=""margin-left:.5in""> Asthma, emphysema, or other breathing disorder </p style>",,,,,,,,,,,,,
please_explain11,history,,notes,"                     Please give details",,,,,,,"[asthma_emphysema_or_other] = '1'",,,,,,
diabetes,history,,yesno,"<p style=""margin-left:.5in""> Diabetes </p style>",,,,,,,,,,,,,
please_explain12,history,,notes,"<p style=""margin-left:.75in""> Please give details </p style>",,,,,,,"[diabetes] = '1'",,,,,,
hypo_or_hyper_thyroidism,history,,yesno,"<p style=""margin-left:.5in""> Hypo- or hyper- thyroidism </p style>",,,,,,,,,,,,,
please_explain13,history,,notes,"<p style=""margin-left:.75in""> Please give details </p style>",,,,,,,"[hypo_or_hyper_thyroidism] = '1'",,,,,,
other_hormone_disease,history,,yesno,"<p style=""margin-left:.5in""> Other hormone disease </p style>",,,,,,,,,,,,,
please_explain14,history,,notes,"<p style=""margin-left:.75in""> Please give details </p style>",,,,,,,"[other_hormone_disease] = '1'",,,,,,
other_metabolic_disease,history,,yesno,"<p style=""margin-left:.5in""> Other metabolic disease </p style>",,,,,,,,,,,,,
please_explain15,history,,notes,"<p style=""margin-left:.75in""> Please give details </p style>",,,,,,,"[other_metabolic_disease] = '1'",,,,,,
other_problems,history,,descriptive,"<center> <I> <font color= ""navy""> <font size= 2> 

Other Problems </I> </font> </center>",,,,,,,,,,,,,
recent_or_current_bone_or,history,,yesno,"<p style=""margin-left:.5in""> Recent or current bone or joint problem (such as broken bone, joint sprain, or arthritis) </p style>",,,,,,,,,,,,,
please_explain16,history,,notes,"<p style=""margin-left:.75in""> Please give details </p style>",,,,,,,"[recent_or_current_bone_or] = '1'",,,,,,
kidney_disorder,history,,yesno,"<p style=""margin-left:.5in""> Kidney disorder </p style>",,,,,,,,,,,,,
please_explain17,history,,notes,"<p style=""margin-left:.75in""> Please give details </p style>",,,,,,,"[kidney_disorder] = '1'",,,,,,
digestive_disease_such_as,history,,yesno,"<p style=""margin-left:.5in""> Digestive disease (such as ulcer, Crohn's disease, gall bladder disease, etc.) </p style>",,,,,,,,,,,,,
please_explain18,history,,notes,"<p style=""margin-left:.75in""> Please give details </p style>",,,,,,,"[digestive_disease_such_as] = '1'",,,,,,
hepatitis_or_other_liver_d,history,,yesno,"<p style=""margin-left:.5in"">Hepatitis or other liver disease </p style>",,,,,,,,,,,,,
please_explain19,history,,notes,"<p style=""margin-left:.75in""> Please give details </p style>",,,,,,,"[hepatitis_or_other_liver_d] = '1'",,,,,,
skin_disease,history,,yesno,"<p style=""margin-left:.5in""> Skin disease </p style>",,,,,,,,,,,,,
please_explain20,history,,notes,"<p style=""margin-left:.75in""> Please give details </p style>",,,,,,,"[skin_disease] = '1'",,,,,,
cancer_or_tumor_of_any_typ,history,,yesno,"<p style=""margin-left:.5in""> Cancer or tumor of any type </p style>",,,,,,,,,,,,,
please_explain21,history,,notes,"<p style=""margin-left:.75in""> Please give details </p style>",,,,,,,"[cancer_or_tumor_of_any_typ] = '1'",,,,,,
anorexia_nervosa_bulimia_o,history,,yesno,"<p style=""margin-left:.5in""> Anorexia nervosa, bulimia, or other eating disorder </p style>",,,,,,,,,,,,,
please_explain22,history,,notes,"<p style=""margin-left:.75in""> Please give details </p style>",,,,,,,"[anorexia_nervosa_bulimia_o] = '1'",,,,,,
regular_alcohol_or_drug_us,history,,yesno,"<p style=""margin-left:.5in""> Regular alcohol or drug use to the point of intoxication > once per week </p style>",,,,,,,,,,,,,
please_explain23,history,,notes,"<p style=""margin-left:.75in""> Please give details </p style>",,,,,,,"[regular_alcohol_or_drug_us] = '1'",,,,,,
excessive_fatigue,history,,yesno,"<p style=""margin-left:.5in""> Excessive fatigue </p style>",,,,,,,,,,,,,
please_explain24,history,,notes,"<p style=""margin-left:.75in""> Please give details </p style>",,,,,,,"[excessive_fatigue] = '1'",,,,,,
recent_surgery,history,,yesno,"<p style=""margin-left:.5in""> Recent surgery </p style>",,,,,,,,,,,,,
please_explain25,history,,notes,"<p style=""margin-left:.75in""> Please give details </p style>",,,,,,,"[recent_surgery] = '1'",,,,,,
any_other_disease_diagnose,history,,yesno,"<p style=""margin-left:.5in""> Any other disease diagnosed by a physician </p style>",,,,,,,,,,,,,
please_explain26,history,,notes,"<p style=""margin-left:.75in""> Please give details </p style>",,,,,,,"[any_other_disease_diagnose] = '1'",,,,,,
for_females_only_recent_ch,history,,yesno,"<p style=""margin-left:.5in""> (For females only) recent change in menstrual status </p style>",,,,,,,,,,,,,
please_explain27,history,,notes,"<p style=""margin-left:.75in""> Please give details </p style>",,,,,,,"[for_females_only_recent_ch] = '1'",,,,,,
yes_no1,history,,yesno,"<font size= 2> 2. Do you or have you ever smoked? </font>",,,,,,,,,RH,,,,
please_give_details,history,,notes,"<p style=""margin-left:.75in""> Please give details </p style>",,,,,,,"[yes_no1] = '1'",,,,,,
yes_no2,history,,yesno,"<font size= 2> 3. Can you think of any reason that you should not exercise vigorously? </font>",,,,,,,,,RH,,,,
please_give_details2,history,,notes,"<p style=""margin-left:.75in""> Please give details </p style>",,,,,,,"[yes_no2] = '1'",,,,,,
yes_no3,history,,yesno,"<font size= 2> 4. Do you take any medications or food supplements regularly? </font>",,,,,,,,,RH,,,,
please_give_details3,history,,notes,"<p style=""margin-left:.75in""> Please give details </p style>",,,,,,,"[yes_no3] = '1'",,,,,,
yes_no4,history,,yesno,"<font size= 2> 5. Has a doctor ever told you not to exercise or that you have a condition that might be made worse by exercise? </font>",,,,,,,,,RH,,,,
please_give_details4,history,,notes,"<p style=""margin-left:.75in""> Please give details </p style>",,,,,,,"[yes_no4] = '1'",,,,,,
organizedsports,pa_survey,SURVEY,radio,"Have you ever participated in organized sports?","1, Yes | 2, No",,,,,,,,,,,,
sports_history,pa_survey,,notes,"Sports History",,,,,,,,,,,,,
sports1,pa_survey,,radio,"What was your sport or event?","1, Baseball | 2, Basketball | 3, Cross Country or Track | 4, Football | 5, Golf | 6, Soccer | 7, Swimming | 8, Tennis | 9, Other",,,,,,"[organizedsports] = '1'",,,,,,
othersport1,pa_survey,,text,"What sport?",,,,,,,"[sports1] = '9'",,,,,,
length,pa_survey,,text,"How long did you compete? (years)",,,,,,,"[organizedsports] = '1'",,,,,,
sports1level,pa_survey,,radio,"At what level did you compete?","1, Recreational | 2, High School | 3, Collegiate | 4, Semi-pro | 5, Professional",,,,,,"[organizedsports] = '1'",,,,,,
organizedsports2,pa_survey,,radio,"Did you participate in another sport?","1, Yes | 2, No",,,,,,"[sports1] = '2' or [sports1] = '3' or [sports1] = '4' or [sports1] = '5' or [sports1] = '6' or [sports1] = '7' or [sports1] = '8' or [sports1] = '9' or [sports1] = '1'",,,,,,
sports2,pa_survey,,radio,"What was your sport or event?","1, Baseball | 2, Basketball | 3, Cross Country or Track | 4, Football | 5, Golf | 6, Soccer | 7, Swimming | 8, Tennis | 9, Other",,,,,,"[organizedsports2] = '1'",,,,,,
othersport2,pa_survey,,text,"What sport?",,,,,,,"[sports2] = '9'",,,,,,
length2,pa_survey,,text,"How long did you compete? (years)",,,,,,,"[organizedsports2] = '1'",,,,,,
sports2level,pa_survey,,radio,"At what level did you compete?","1, Recreational | 2, High School | 3, Collegiate | 4, Semi-pro | 5, Professional",,,,,,"[organizedsports2] = '1'",,,,,,
organizedsports3,pa_survey,,radio,"Did you participate in another sport?","1, Yes | 2, No",,,,,,"[sports2] = '2' or [sports2] = '3' or [sports2] = '4' or [sports2] = '5' or [sports2] = '6' or [sports2] = '7' or [sports2] = '8' or [sports2] = '9' or [sports2] = '1'",,,,,,
sports3,pa_survey,,radio,"What was your sport or event?","1, Baseball | 2, Basketball | 3, Cross Country or Track | 4, Football | 5, Golf | 6, Soccer | 7, Swimming | 8, Tennis | 9, Other",,,,,,"[organizedsports3] = '1'",,,,,,
othersport3,pa_survey,,text,"What sport?",,,,,,,"[sports3] = '9'",,,,,,
length3,pa_survey,,text,"How long did you compete? (years)",,,,,,,"[organizedsports3] = '1'",,,,,,
sports3level,pa_survey,,radio,"At what level did you compete?","1, Recreational | 2, High School | 3, Collegiate | 4, Semi-pro | 5, Professional",,,,,,"[organizedsports3] = '1'",,,,,,
organizedsports4,pa_survey,,radio,"Did you participate in another sport?","1, Yes | 2, No",,,,,,"[sports3] = '2' or [sports3] = '3' or [sports3] = '4' or [sports3] = '5' or [sports3] = '6' or [sports3] = '7' or [sports3] = '8' or [sports3] = '9' or [sports3] = '1'",,,,,,
sports4,pa_survey,,radio,"What was your sport or event?","1, Baseball | 2, Basketball | 3, Cross Country or Track | 4, Football | 5, Golf | 6, Soccer | 7, Swimming | 8, Tennis | 9, Other",,,,,,"[organizedsports4] = '1'",,,,,,
othersport4,pa_survey,,text,"What sport?",,,,,,,"[sports4] = '9'",,,,,,
length4,pa_survey,,text,"How long did you compete? (years)",,,,,,,"[organizedsports4] = '1'",,,,,,
sports4level,pa_survey,,radio,"At what level did you compete?","1, Recreational | 2, High School | 3, Collegiate | 4, Semi-pro | 5, Professional",,,,,,"[organizedsports4] = '1'",,,,,,
organizedsports5,pa_survey,,radio,"Did you participate in another sport?","1, Yes | 2, No",,,,,,"[sports4] = '2' or [sports4] = '3' or [sports4] = '4' or [sports4] = '5' or [sports4] = '6' or [sports4] = '7' or [sports4] = '8' or [sports4] = '9' or [sports4] = '1'",,,,,,
sports5,pa_survey,,radio,"What was your sport or event?","1, Baseball | 2, Basketball | 3, Cross Country or Track | 4, Football | 5, Golf | 6, Soccer | 7, Swimming | 8, Tennis | 9, Other",,,,,,"[organizedsports5] = '1'",,,,,,
othersport5,pa_survey,,text,"What sport?",,,,,,,"[sports5] = '9'",,,,,,
length5,pa_survey,,text,"How long did you compete? (years)",,,,,,,"[organizedsports5] = '1'",,,,,,
sports5level,pa_survey,,radio,"At what level did you compete?","1, Recreational | 2, High School | 3, Collegiate | 4, Semi-pro | 5, Professional",,,,,,"[organizedsports5] = '1'",,,,,,
race,pa_survey,,radio,"Have you competed in a race in the last 3 months?","1, Yes| 2, No",,,,,,,,,,,,
distance,pa_survey,,text,"What event/distance?",,,,,,,"[race] = '1'",,,,,,
time,pa_survey,,text,"What was your time to complete the event/distance? (HH:MM:SS)",,,,,,,"[race] = '1'",,,,,,
pr,pa_survey,,text,"How does this compare to your PR for that distance?",,,,,,,"[race] = '1'",,,,,,
race2,pa_survey,,radio,"Have you competed in another race in the last 3 months?","1, Yes| 2, No",,,,,,"[race] = '1'",,,,,,
distance2,pa_survey,,text,"What event/distance?",,,,,,,"[race2] = '1'",,,,,,
time2,pa_survey,,text,"What was your time to complete the event/distance? (HH:MM:SS)",,,,,,,"[race2] = '1'",,,,,,
pr2,pa_survey,,text,"How does this compare to your PR for that distance?",,,,,,,"[race2] = '1'",,,,,,
race3,pa_survey,,radio,"Have you competed in another race in the last 3 months?","1, Yes| 2, No",,,,,,"[race2] = '1'",,,,,,
distance3,pa_survey,,text,"What event/distance?",,,,,,,"[race3] = '1'",,,,,,
time3,pa_survey,,text,"What was your time to complete the event/distance? (HH:MM:SS)",,,,,,,"[race3] = '1'",,,,,,
pr3,pa_survey,,text,"How does this compare to your PR for that distance?",,,,,,,"[race3] = '1'",,,,,,
race4,pa_survey,,radio,"Have you competed in another race in the last 3 months?","1, Yes| 2, No",,,,,,"[race3] = '1'",,,,,,
distance4,pa_survey,,text,"What event/distance?",,,,,,,"[race4] = '1'",,,,,,
time4,pa_survey,,text,"What was your time to complete the event/distance? (HH:MM:SS)",,,,,,,"[race4] = '1'",,,,,,
pr4,pa_survey,,text,"How does this compare to your PR for that distance?",,,,,,,"[race4] = '1'",,,,,,
runners,pa_survey,,yesno,"Do you run?",,,,,,,,,,,,,
milesweek,pa_survey,,text,"About how many miles per week do you run?",,,,,,,"[runners] = '1'",,,,,,
mpw_vol,pa_survey,,text,"How long have you been running this volume of miles?",,,,,,,"[runners] = '1'",,,,,,
mpw_intv,pa_survey,,text,"How often do you incorporate interval training in your running?",,,,,,,"[runners] = '1'",,,,,,
workout,pa_survey,,radio,"Non-Runners:

How many days per week do you work out?","1, 1 | 2, 2 | 3, 3 | 4, 4 | 5, 5 | 6, 6 | 7, 7",,,,,,"[runners] = '0'",,,,,,
workouthours,pa_survey,,text,"About how many hours per week is this?",,,number,,,,"[workout] = '1' or [workout] = '2' or [workout] = '3' or [workout] = '4' or [workout] = '5' or [workout] = '6' or [workout] = '7'",,,,,,
record_id_sleep,sleep_log,,text,"Record ID",,,,,,,,,,,,,
today_sleep,sleep_log,,text,"Today's Date",,,date_mdy,,,,,,,,,,
dow_7,sleep_log,,radio,"Day 7","1, Sunday | 2, Monday | 3, Tuesday | 4, Wednesday | 5, Thursday | 6, Friday | 7, Saturday",,,,,,,,,,weekdays,y,
dow_6,sleep_log,,radio,"Day 6","1, Sunday | 2, Monday | 3, Tuesday | 4, Wednesday | 5, Thursday | 6, Friday | 7, Saturday",,,,,,,,,,weekdays,y,
dow_5,sleep_log,,radio,"Day 5","1, Sunday | 2, Monday | 3, Tuesday | 4, Wednesday | 5, Thursday | 6, Friday | 7, Saturday",,,,,,,,,,weekdays,y,
dow_4,sleep_log,,radio,"Day 4","1, Sunday | 2, Monday | 3, Tuesday | 4, Wednesday | 5, Thursday | 6, Friday | 7, Saturday",,,,,,,,,,weekdays,y,
dow_3,sleep_log,,radio,"Day 3","1, Sunday | 2, Monday | 3, Tuesday | 4, Wednesday | 5, Thursday | 6, Friday | 7, Saturday",,,,,,,,,,weekdays,y,
dow_2,sleep_log,,radio,"Day 2","1, Sunday | 2, Monday | 3, Tuesday | 4, Wednesday | 5, Thursday | 6, Friday | 7, Saturday",,,,,,,,,,weekdays,y,
dow_1,sleep_log,,radio,"Day 1","1, Sunday | 2, Monday | 3, Tuesday | 4, Wednesday | 5, Thursday | 6, Friday | 7, Saturday",,,,,,,,,,weekdays,y,
d7wake,sleep_log,,text,"Wake Time Today",,,,,,,,,,,,,
d7bed,sleep_log,,text,"[dow_7] Bed Time",,,,,,,,,,,,,
d6wake,sleep_log,,text,"[dow_7] Wake Time",,,,,,,,,,,,,
d6bed,sleep_log,,text,"[dow_6] Bed Time",,,,,,,,,,,,,
d5wake,sleep_log,,text,"[dow_6] Wake Time",,,,,,,,,,,,,
d5bed,sleep_log,,text,"[dow_5] Bed Time",,,,,,,,,,,,,
d4wake,sleep_log,,text,"[dow_5] Wake Time",,,,,,,,,,,,,
d4bed,sleep_log,,text,"[dow_4] Bed Time",,,,,,,,,,,,,
d3wake,sleep_log,,text,"[dow_4] Wake Time",,,,,,,,,,,,,
d3bed,sleep_log,,text,"[dow_3] Bed Time",,,,,,,,,,,,,
d2wake,sleep_log,,text,"[dow_3] Wake Time",,,,,,,,,,,,,
d2bed,sleep_log,,text,"[dow_2] Bed Time",,,,,,,,,,,,,
d1wake,sleep_log,,text,"[dow_2] Wake Time",,,,,,,,,,,,,
d1bed,sleep_log,,text,"[dow_1] Bed Time",,,,,,,,,,,,,
employed,seven_day_recall,,yesno,"Were you employed in the last seven days?",,,,,,,,,,,,,
daysworked,seven_day_recall,,radio,"How many of the last seven days did you work","1, 1 | 2, 2 | 3, 3 | 4, 4 | 5, 5 | 6, 6 | 7, 7",,,,,,,,,,,,
hoursworked,seven_day_recall,,text,"How many total hours did you work in the last seven days?",,,number,,,,,,,,,,
weekend,seven_day_recall,,checkbox,"Which two days do you consider your weekend days?","1, Monday | 2, Tuesday | 3, Wednesday | 4, Thursday | 5, Friday | 6, Saturday | 7, Sunday",,,,,,,,,,,,
blood_pressure,measurements,,descriptive,"Blood Pressure",,,,,,,,,,,,,
systolic_pressure,measurements,,text,"<p style= ""margin-left:.5in""> Systolic: </p style>",,,,,,,,,,,,,
diastolic_pressure,measurements,,text,"<p style= ""margin-left:.5in""> Diastolic: </p style>",,,,,,,,,,,,,
resting_heart_rate,measurements,,text,"Resting heart rate:",,,number,,,,,,,,,,
height_inches,measurements,,text,"Height (inches):",,,,,,,,,,,,,
weight,measurements,,text,Weight:,,"in pounds",number,,,,,,,,,,
summary,summary_and_validation,"<font size= 3> <I> Summary of Patient Information: </font> </I>",descriptive,"Name: [name]
Date of Birth: [date_of_birth]
Blood Pressure: [systolic_pressure]/[diastolic_pressure]
Resting Heart Rate: [resting_heart_rate] beats per minute
Height: [height_feet] ft [height_inches] in
Weight: [weight] lb
Date of patient agreement: [date]

1. Conditions that patient has been diagnosed with:
<p style= ""margin-left:.25in""> Problems of the Heart </p style> <p style= ""margin-left:.5in""> Heart problems: [heart_problems_such_as_pal] 
High blood pressure: [high_blood_pressure] 
Problems of the blood vessels: [problems_of_the_blood_vess] 
Discomfort in chest with exercise: [discomfort_in_chest_with_e] 
Swelling in the ankles: [swelling_in_the_ankles_not] 
Stroke: [stroke] </p style><p style= ""margin-left:.25in""> Problems with the Nervous and Muscular Systems </p style> <p style= ""margin-left:.5in""> Epilepsy, multiple sclerosis, etc.: [epilepsy_multiple_sclerosi]
Dizziness or fainting: [dizziness_or_fainting]
Muscle disease: [muscle_disease_such_as_dys]
Movement disorders: [movement_disorders_such_as]
</p style> <p style= ""margin-left:.25in""> Respiratory Problems </p style> <p style= ""margin-left:.5in""> Asthma, emphysema, etc.: [asthma_emphysema_or_other]
Diabetes: [diabetes]
Hypo- or hyper- thyroidism: [hypo_or_hyper_thyroidism]
Other hormone disease: [other_hormone_disease]
Other metabolic disease: [other_metabolic_disease]
</p style> <p style= ""margin-left:.25in""> Other Problems </p style> <p style= ""margin-left:.5in""> Recent or current bone or joint problem: [recent_or_current_bone_or]
Kidney disorder: [kidney_disorder]
Digestive disease: [digestive_disease_such_as]
Hepatitis or other liver disease: [hepatitis_or_other_liver_d]
Skin disease: [skin_disease]
Cancer/tumor: [cancer_or_tumor_of_any_typ]
Anorexia nervosa, bulimia, etc: [anorexia_nervosa_bulimia_o]
Regular alcohol/drug use to point of intoxication: [regular_alcohol_or_drug_us]
Excessive fatigue: [excessive_fatigue]
Recent surgery: [recent_surgery]
Any other disease diagnosed by physician: [any_other_disease_diagnose]
Recent change in menstrual status (female only): [for_females_only_recent_ch]
</p style>
2. Smoking?- [yes_no1]
3. Reason to not exercise vigorously?- [yes_no2]
4. Regular medications/food supplements?- [yes_no3]
5. Has a doctor told the patient to not exercise (possibly because of a condition?)- [yes_no4]


",,,,,,,,,,,,,
part_agree,summary_and_validation,,checkbox,"PARTICIPANT: I agree that this information is valid","1, Yes",,,,,,,y,,,,,
part_sig,summary_and_validation,,file,"Participant Signature",,,signature,,,,,y,,,,,
sig_date,summary_and_validation,,text,Date,,,date_mdy,,,,,y,,,,,
validation,summary_and_validation,,descriptive,"<font size= 2> Validated by: </font>",,,,,,,,,,,,,
name_and_title,summary_and_validation,,text,"<p style= ""margin-left:.5in""> Name and Title: </p style>",,,,,,,,,,,,,
date_validation,summary_and_validation,,text,"<p style= ""margin-left:.5in""> Date of Validation: </p style>",,,date_mdy,,,,,,,,,,
d7_mmod,day_7,"[dow_7] MORNING",text,Moderate,,,integer,,,,,,,,,,
d7_mhard,day_7,,text,Hard,,,number,,,,,,,,,,
d7_mveryhard,day_7,,text,"Very Hard",,,number,,,,,,,,,,
d7_mnotes,day_7,,text,"Morning Notes",,,,,,,,,,,,,
d7_amod,day_7,"[dow_7] AFTERNOON",text,Moderate,,,integer,,,,,,,,,,
d7_ahard,day_7,,text,Hard,,,number,,,,,,,,,,
d7_averyhard,day_7,,text,"Very Hard",,,number,,,,,,,,,,
d7_anotes,day_7,,text,"Afternoon Notes",,,,,,,,,,,,,
d7_emod,day_7,"[dow_7] EVENING",text,Moderate,,,integer,,,,,,,,,,
d7_ehard,day_7,,text,Hard,,,number,,,,,,,,,,
d7_everyhard,day_7,,text,"Very Hard",,,number,,,,,,,,,,
d7_enotes,day_7,,text,"Evening Notes",,,,,,,,,,,,,
d7_stregthflex,day_7,"Additional Activities",text,"Strength/Flexibility activities (minutes)",,,,,,,,,,,,,
d7_addact,day_7,,yesno,"Are there any additional activities from this day that have not been covered?",,,,,,,,,,,,,
d7_aactive,day_7,,notes,"Additional activities",,,,,,,"[d7_addact] = '1'",,,,,,
d7_dailymod,day_7,,calc,"Daily Moderate",[d7_mmod]+[d7_amod]+[d7_emod],,,,,,,,,,,,
d7_dailyhard,day_7,,calc,"Daily Hard",[d7_mhard]+[d7_ahard]+[d7_ehard],,,,,,,,,,,,
d7_dailyveryhard,day_7,,calc,"Daily Very Hard",[d7_mveryhard]+[d7_averyhard]+[d7_everyhard],,,,,,,,,,,,
d6_mmod,day_6,"[dow_6] MORNING",text,Moderate,,,integer,,,,,,,,,,
d6_mhard,day_6,,text,Hard,,,number,,,,,,,,,,
d6_mveryhard,day_6,,text,"Very Hard",,,number,,,,,,,,,,
d6_mnotes,day_6,,text,"Morning Notes",,,,,,,,,,,,,
d6_amod,day_6,"[dow_6] AFTERNOON",text,Moderate,,,integer,,,,,,,,,,
d6_ahard,day_6,,text,Hard,,,number,,,,,,,,,,
d6_averyhard,day_6,,text,"Very Hard",,,number,,,,,,,,,,
d6_anotes,day_6,,text,"Afternoon Notes",,,,,,,,,,,,,
d6_emod,day_6,"[dow_6] EVENING",text,Moderate,,,integer,,,,,,,,,,
d6_ehard,day_6,,text,Hard,,,number,,,,,,,,,,
d6_everyhard,day_6,,text,"Very Hard",,,number,,,,,,,,,,
d6_enotes,day_6,,text,"Evening Notes",,,,,,,,,,,,,
d6_stregthflex,day_6,"Additional Activities",text,"Strength/Flexibility activities (minutes)",,,,,,,,,,,,,
d6_addact,day_6,,yesno,"Are there any additional activities from this day that have not been covered?",,,,,,,,,,,,,
d6_aactive,day_6,,notes,"Additional activities",,,,,,,"[d6_addact] = '1'",,,,,,
d6_dailymod,day_6,,calc,"Daily Moderate",[d6_mmod]+[d6_amod]+[d6_emod],,,,,,,,,,,,
d6_dailyhard,day_6,,calc,"Daily Hard",[d6_mhard]+[d6_ahard]+[d6_ehard],,,,,,,,,,,,
d6_dailyveryhard,day_6,,calc,"Daily Very Hard",[d6_mveryhard]+[d6_averyhard]+[d6_everyhard],,,,,,,,,,,,
d5_mmod,day_5,"[dow_5] MORNING",text,Moderate,,,integer,,,,,,,,,,
d5_mhard,day_5,,text,Hard,,,number,,,,,,,,,,
d5_mveryhard,day_5,,text,"Very Hard",,,number,,,,,,,,,,
d5_mnotes,day_5,,text,"Morning Notes",,,,,,,,,,,,,
d5_amod,day_5,"[dow_5] AFTERNOON",text,Moderate,,,integer,,,,,,,,,,
d5_ahard,day_5,,text,Hard,,,number,,,,,,,,,,
d5_averyhard,day_5,,text,"Very Hard",,,number,,,,,,,,,,
d5_anotes,day_5,,text,"Afternoon Notes",,,,,,,,,,,,,
d5_emod,day_5,"[dow_5] EVENING",text,Moderate,,,integer,,,,,,,,,,
d5_ehard,day_5,,text,Hard,,,number,,,,,,,,,,
d5_everyhard,day_5,,text,"Very Hard",,,number,,,,,,,,,,
d5_enotes,day_5,,text,"Evening Notes",,,,,,,,,,,,,
d5_stregthflex,day_5,"Additional Activities",text,"Strength/Flexibility activities (minutes)",,,,,,,,,,,,,
d5_addact,day_5,,yesno,"Are there any additional activities from this day that have not been covered?",,,,,,,,,,,,,
d5_aactive,day_5,,notes,"Additional activities",,,,,,,"[d5_addact] = '1'",,,,,,
d5_dailymod,day_5,,calc,"Daily Moderate",[d5_mmod]+[d5_amod]+[d5_emod],,,,,,,,,,,,
d5_dailyhard,day_5,,calc,"Daily Hard",[d5_mhard]+[d5_ahard]+[d5_ehard],,,,,,,,,,,,
d5_dailyveryhard,day_5,,calc,"Daily Very Hard",[d5_mveryhard]+[d5_averyhard]+[d5_everyhard],,,,,,,,,,,,
d4_mmod,day_4,"[dow_4] MORNING",text,Moderate,,,integer,,,,,,,,,,
d4_mhard,day_4,,text,Hard,,,number,,,,,,,,,,
d4_mveryhard,day_4,,text,"Very Hard",,,number,,,,,,,,,,
d4_mnotes,day_4,,text,"Morning Notes",,,,,,,,,,,,,
d4_amod,day_4,"[dow_4] AFTERNOON",text,Moderate,,,integer,,,,,,,,,,
d4_ahard,day_4,,text,Hard,,,number,,,,,,,,,,
d4_averyhard,day_4,,text,"Very Hard",,,number,,,,,,,,,,
d4_anotes,day_4,,text,"Afternoon Notes",,,,,,,,,,,,,
d4_emod,day_4,"[dow_4] EVENING",text,Moderate,,,integer,,,,,,,,,,
d4_ehard,day_4,,text,Hard,,,number,,,,,,,,,,
d4_everyhard,day_4,,text,"Very Hard",,,number,,,,,,,,,,
d4_enotes,day_4,,text,"Evening Notes",,,,,,,,,,,,,
d4_stregthflex,day_4,"Additional Activities",text,"Strength/Flexibility activities (minutes)",,,,,,,,,,,,,
d4_addact,day_4,,yesno,"Are there any additional activities from this day that have not been covered?",,,,,,,,,,,,,
d4_aactive,day_4,,notes,"Additional activities",,,,,,,"[d4_addact] = '1'",,,,,,
d4_dailymod,day_4,,calc,"Daily Moderate",[d4_mmod]+[d4_amod]+[d4_emod],,,,,,,,,,,,
d4_dailyhard,day_4,,calc,"Daily Hard",[d4_mhard]+[d4_ahard]+[d4_ehard],,,,,,,,,,,,
d4_dailyveryhard,day_4,,calc,"Daily Very Hard",[d4_mveryhard]+[d4_averyhard]+[d4_everyhard],,,,,,,,,,,,
d3_mmod,day_3,"[dow_3] MORNING",text,Moderate,,,integer,,,,,,,,,,
d3_mhard,day_3,,text,Hard,,,number,,,,,,,,,,
d3_mveryhard,day_3,,text,"Very Hard",,,number,,,,,,,,,,
d3_mnotes,day_3,,text,"Morning Notes",,,,,,,,,,,,,
d3_amod,day_3,"[dow_3] AFTERNOON",text,Moderate,,,integer,,,,,,,,,,
d3_ahard,day_3,,text,Hard,,,number,,,,,,,,,,
d3_averyhard,day_3,,text,"Very Hard",,,number,,,,,,,,,,
d3_anotes,day_3,,text,"Afternoon Notes",,,,,,,,,,,,,
d3_emod,day_3,"[dow_3] EVENING",text,Moderate,,,integer,,,,,,,,,,
d3_ehard,day_3,,text,Hard,,,number,,,,,,,,,,
d3_everyhard,day_3,,text,"Very Hard",,,number,,,,,,,,,,
d3_enotes,day_3,,text,"Evening Notes",,,,,,,,,,,,,
d3_stregthflex,day_3,"Additional Activities",text,"Strength/Flexibility activities (minutes)",,,,,,,,,,,,,
d3_addact,day_3,,yesno,"Are there any additional activities from this day that have not been covered?",,,,,,,,,,,,,
d3_aactive,day_3,,notes,"Additional activities",,,,,,,"[d3_addact] = '1'",,,,,,
d3_dailymod,day_3,,calc,"Daily Moderate",[d3_mmod]+[d3_amod]+[d3_emod],,,,,,,,,,,,
d3_dailyhard,day_3,,calc,"Daily Hard",[d3_mhard]+[d3_ahard]+[d3_ehard],,,,,,,,,,,,
d3_dailyveryhard,day_3,,calc,"Daily Very Hard",[d3_mveryhard]+[d3_averyhard]+[d3_everyhard],,,,,,,,,,,,
d2_mmod,day_2,"[dow_2] MORNING",text,Moderate,,,integer,,,,,,,,,,
d2_mhard,day_2,,text,Hard,,,number,,,,,,,,,,
d2_mveryhard,day_2,,text,"Very Hard",,,number,,,,,,,,,,
d2_mnotes,day_2,,text,"Morning Notes",,,,,,,,,,,,,
d2_amod,day_2,"[dow_2] AFTERNOON",text,Moderate,,,integer,,,,,,,,,,
d2_ahard,day_2,,text,Hard,,,number,,,,,,,,,,
d2_averyhard,day_2,,text,"Very Hard",,,number,,,,,,,,,,
d2_anotes,day_2,,text,"Afternoon Notes",,,,,,,,,,,,,
d2_emod,day_2,"[dow_2] EVENING",text,Moderate,,,integer,,,,,,,,,,
d2_ehard,day_2,,text,Hard,,,number,,,,,,,,,,
d2_everyhard,day_2,,text,"Very Hard",,,number,,,,,,,,,,
d2_enotes,day_2,,text,"Evening Notes",,,,,,,,,,,,,
d2_stregthflex,day_2,"Additional Activities",text,"Strength/Flexibility activities (minutes)",,,,,,,,,,,,,
d2_addact,day_2,,yesno,"Are there any additional activities from this day that have not been covered?",,,,,,,,,,,,,
d2_aactive,day_2,,notes,"Additional activities",,,,,,,"[d2_addact] = '1'",,,,,,
d2_dailymod,day_2,,calc,"Daily Moderate",[d2_mmod]+[d2_amod]+[d2_emod],,,,,,,,,,,,
d2_dailyhard,day_2,,calc,"Daily Hard",[d2_mhard]+[d2_ahard]+[d2_ehard],,,,,,,,,,,,
d2_dailyveryhard,day_2,,calc,"Daily Very Hard",[d2_mveryhard]+[d2_averyhard]+[d2_everyhard],,,,,,,,,,,,
d1_mmod,day_1,"[dow_1] MORNING",text,Moderate,,,integer,,,,,,,,,,
d1_mhard,day_1,,text,Hard,,,number,,,,,,,,,,
d1_mveryhard,day_1,,text,"Very Hard",,,number,,,,,,,,,,
d1_mnotes,day_1,,text,"Morning Notes",,,,,,,,,,,,,
d1_amod,day_1,"[dow_1] AFTERNOON",text,Moderate,,,integer,,,,,,,,,,
d1_ahard,day_1,,text,Hard,,,number,,,,,,,,,,
d1_averyhard,day_1,,text,"Very Hard",,,number,,,,,,,,,,
d1_anotes,day_1,,text,"Afternoon Notes",,,,,,,,,,,,,
d1_emod,day_1,"[dow_1] EVENING",text,Moderate,,,integer,,,,,,,,,,
d1_ehard,day_1,,text,Hard,,,number,,,,,,,,,,
d1_everyhard,day_1,,text,"Very Hard",,,number,,,,,,,,,,
d1_enotes,day_1,,text,"Evening Notes",,,,,,,,,,,,,
d1_stregthflex,day_1,"Additional Activities",text,"Strength/Flexibility activities (minutes)",,,,,,,,,,,,,
d1_addact,day_1,,yesno,"Are there any additional activities from this day that have not been covered?",,,,,,,,,,,,,
d1_aactive,day_1,,notes,"Additional activities",,,,,,,"[d1_addact] = '1'",,,,,,
d1_dailymod,day_1,,calc,"Daily Moderate",[d1_mmod]+[d1_amod]+[d1_emod],,,,,,,,,,,,
d1_dailyhard,day_1,,calc,"Daily Hard",[d1_mhard]+[d1_ahard]+[d1_ehard],,,,,,,,,,,,
d1_dailyveryhard,day_1,,calc,"Daily Very Hard",[d1_mveryhard]+[d1_averyhard]+[d1_everyhard],,,,,,,,,,,,
typicalweek,day_1,,yesno,"Does this represent a typical week for you?",,,,,,,,,,,,,
weekdiffer,day_1,,notes,"How did it differ?",,,,,,,"[typicalweek] = '0'",,,,,,
record_id_48,hour_inventory_form,,text,"Record ID",,,,,,,,,,,,,
study,hour_inventory_form,,text,"<p style= ""margin-left:.25in""> Study: </p style>",,,,,,,,,,,,,
name_48,hour_inventory_form,,text,"<p style= ""margin-left:.25in""> Name: </p style>",,,,,,y,,,,,,,
date_48,hour_inventory_form,,text,"<p style= ""margin-left:.25in""> Date: </p style>",,,,,,,,,,,,,
test_session,hour_inventory_form,,text,"<p style= ""margin-left:.25in""> Test Session: </p style>",,,,,,,,,,,,,
time_48,hour_inventory_form,,text,"<p style= ""margin-left:.25in""> Time: </p style>",,,,,,,,,,,,,
instructions_please_answer,hour_inventory_form,,descriptive,"<font size= 2> Instructions: Please answer the following questions about your activities during the last 24 hours. Your answers will help us to decide if, for your safety or to ensure data quality, a test session should be temporarily postponed. Your answers will be held in confidence. </font>",,,,,,,,,,,,,
how_do_you_feel,hour_inventory_form,"<center> <I> How do you feel? </I> </center>",radio,,"5, 1 (Poor) | 2, 2 | 3, 3 | 4, 4 | 6, 5 (Terrific)",,,,,,,,LH,,,,
if_1_or_2_please_describe,hour_inventory_form,,notes,"<p style= ""margin-left:.5in""> Please describe: </p style>",,,,,,,"[how_do_you_feel] = '5' or [how_do_you_feel] = '2'",,,,,,
please_list_below_the_amou,hour_inventory_form,"<center> <I> Medication Use </center> </I>",descriptive,"Please list below the amounts, types, and time of any prescribed or over-the-counter medications used within the last 48 hours:",,,,,,,,,,,,,
med_entries,hour_inventory_form,,radio,,"1, None have been used | 2, I have used at least one",,,,,,,,LV,,,,
medication_1,hour_inventory_form,,descriptive,"Medication 1",,,,,,,"[med_entries] = '2'",,,,,,
day_and_time,hour_inventory_form,,text,"<p style= ""margin-left:.75in""> Day and Time </p style>",,,,,,,"[med_entries] = '2'",,,,,,
type,hour_inventory_form,,text,"<p style= ""margin-left:.75in""> Type </p style>",,,,,,,"[med_entries] = '2'",,,,,,
amount,hour_inventory_form,,text,"<p style= ""margin-left:.75in""> Amount </p style>",,,,,,,"[med_entries] = '2'",,,,,,
do_you_need_to_record_anot,hour_inventory_form,,yesno,"<p style= ""margin-left:.5in""> Add another medication? </p style>",,,,,,,"[med_entries] = '2'",y,,,,,
med_entries_2,hour_inventory_form,,descriptive,"Medication 2",,,,,,,"[do_you_need_to_record_anot] = '1'",,,,,,
day_and_time2_e71,hour_inventory_form,,text,"<p style= ""margin-left:.75in""> Day and Time </p style>",,,,,,,"[do_you_need_to_record_anot] = '1'",,,,,,
type2_a68,hour_inventory_form,,text,"<p style= ""margin-left:.75in""> Type </p style>",,,,,,,"[do_you_need_to_record_anot] = '1'",,,,,,
amount2_22f,hour_inventory_form,,text,"<p style= ""margin-left:.75in""> Amount </p style>",,,,,,,"[do_you_need_to_record_anot] = '1'",,,,,,
do_you_need_to_record2_349,hour_inventory_form,,yesno,"<p style= ""margin-left:.5in""> Add another medication? </p style>",,,,,,,"[do_you_need_to_record_anot] = '1'",y,,,,,
med_entries_3,hour_inventory_form,,descriptive,"Medication 3",,,,,,,"[do_you_need_to_record2_349] = '1'",,,,,,
day_and_time2_e712_811,hour_inventory_form,,text,"<p style= ""margin-left:.5in""> Day and Time </p style>",,,,,,,"[do_you_need_to_record2_349] = '1'",,,,,,
type2_a682_b0c,hour_inventory_form,,text,"<p style= ""margin-left:.5in""> Type </p style>",,,,,,,"[do_you_need_to_record2_349] = '1'",,,,,,
amount2_22f2_701,hour_inventory_form,,text,"<p style= ""margin-left:.5in""> Amount </p style>",,,,,,,"[do_you_need_to_record2_349] = '1'",,,,,,
do_you_need_to_record2_fe7,hour_inventory_form,,yesno,"<p style= ""margin-left:.5in""> Add another medication? </p style>",,,,,,,"[do_you_need_to_record2_349] = '1'",y,,,,,
med_entries_4,hour_inventory_form,,descriptive,"Medication 4",,,,,,,"[do_you_need_to_record2_fe7] = '1'",,,,,,
day_and_time2_e712_812_36b,hour_inventory_form,,text,"<p style= ""margin-left:.75in""> Day and Time </p style>",,,,,,,"[do_you_need_to_record2_fe7] = '1'",,,,,,
type2_a682_b0c2_d95,hour_inventory_form,,text,"<p style= ""margin-left:.75in""> Type </p style>",,,,,,,"[do_you_need_to_record2_fe7] = '1'",,,,,,
amount2_22f2_7012_c0a,hour_inventory_form,,text,"<p style= ""margin-left:.75in""> Amount </p style>",,,,,,,"[do_you_need_to_record2_fe7] = '1'",,,,,,
do_you_need_to_record2_7d0,hour_inventory_form,,yesno,"<p style= ""margin-left:.5in""> Add another medication? </p style>",,,,,,,"[do_you_need_to_record2_fe7] = '1'",y,,,,,
med_entries_5,hour_inventory_form,,descriptive,"Medication 5",,,,,,,"[do_you_need_to_record2_7d0] = '1'",,,,,,
day_and_time2_e712_812_7b5,hour_inventory_form,,text,"<p style= ""margin-left:.75in""> Day and Time </p style>",,,,,,,"[do_you_need_to_record2_7d0] = '1'",,,,,,
type2_a682_b0c2_d952_301,hour_inventory_form,,text,"<p style= ""margin-left:.75in""> Type </p style>",,,,,,,"[do_you_need_to_record2_7d0] = '1'",,,,,,
amount2_22f2_7012_c0a2_94e,hour_inventory_form,,text,"<p style= ""margin-left:.75in""> Amount </p style>",,,,,,,"[do_you_need_to_record2_7d0] = '1'",,,,,,
please_list_below_any_phys,hour_inventory_form,"<center> <I> Physical Activity </center> </I>",descriptive,"Please list below any physical activity that you have performed in the last 24 hours, other than typical activities of daily living (work or school, personal care, etc.):",,,,,,,,,,,,,
physical_activity_options,hour_inventory_form,,radio,,"1, No physical activity has been done | 2, I have done some physical activity",,,,,,,,LV,,,,
activity,hour_inventory_form,,descriptive,"Activity 1",,,,,,,"[physical_activity_options] = '2'",,,,,,
day_and_time_activity,hour_inventory_form,,text,"<p style= ""margin-left:.75in""> Day and Time </p style>",,,,,,,"[physical_activity_options] = '2'",,,,,,
type_activity,hour_inventory_form,,text,"<p style= ""margin-left:.75in""> Type </p style>",,,,,,,"[physical_activity_options] = '2'",,,,,,
duration,hour_inventory_form,,text,"<p style= ""margin-left:.75in""> Duration </p style>",,,,,,,"[physical_activity_options] = '2'",,,,,,
intensity,hour_inventory_form,,slider,"<p style= ""margin-left:.75in""> Intensity </p style>","Light | Moderate | Heavy",,,,,,"[physical_activity_options] = '2'",,RH,,,,
add_another_activity2,hour_inventory_form,,yesno,"<p style= ""margin-left:.5in""> Add another activity? </p style>",,,,,,,"[physical_activity_options] = '2'",,,,,,
activity_2,hour_inventory_form,,descriptive,"Activity 2",,,,,,,"[add_another_activity2] = '1'",,,,,,
day_and_time_activity2,hour_inventory_form,,text,"<p style= ""margin-left:.75in""> Day and Time </p style>",,,,,,,"[add_another_activity2] = '1'",,,,,,
type_activity2,hour_inventory_form,,text,"<p style= ""margin-left:.75in""> Type </p style>",,,,,,,"[add_another_activity2] = '1'",,,,,,
duration2,hour_inventory_form,,text,"<p style= ""margin-left:.75in""> Duration </p style>",,,,,,,"[add_another_activity2] = '1'",,,,,,
intensity2,hour_inventory_form,,slider,"<p style= ""margin-left:.75in""> Intensity </p style>","Light | Moderate | Heavy",,,,,,"[add_another_activity2] = '1'",,RH,,,,
please_list_below_the_time,hour_inventory_form,"<center> <I> Diet </center> </I>",descriptive,"Please list below the time and approximate composition of your last meal:",,,,,,,,,,,,,
day_and_time_diet,hour_inventory_form,,text,"<p style= ""margin-left:.5in""> Day and Time </p style>",,,,,,,,,,,,,
composition,hour_inventory_form,,notes,"<p style= ""margin-left:.5in""> Composition </p style>",,,,,,,,,,,,,
have_you_had_anything_to_e,hour_inventory_form,,yesno,"<p style= ""margin-left:.75in""> Have you had anything to eat or drink since that meal? </p style>",,,,,,,,,,,,,
describe,hour_inventory_form,,notes,"<p style= ""margin-left:1in""> Please describe </p style>",,,,,,,"[have_you_had_anything_to_e] = '1'",y,,,,,
please_list_alcohol,hour_inventory_form,"<center> <I> Alcohol and Drug Use </center> </I>",descriptive,"Please list below the amounts, types, and time of any alcohol use within the last 24 hours:",,,,,,,,,,,,,
alcohol_and_drug_input,hour_inventory_form,,radio,,"1, None | 2, I have had alcohol",,,,,,,,LV,,,,
alcohol_and_drug1,hour_inventory_form,,descriptive,"Entry 1",,,,,,,"[alcohol_and_drug_input] = '2'",,,,,,
day_and_time_alcohol,hour_inventory_form,,text,"<p style= ""margin-left:.75in""> Day and Time </p style>",,,,,,,"[alcohol_and_drug_input] = '2'",,,,,,
type_alcohol,hour_inventory_form,,text,"<p style= ""margin-left:.75in""> Type </p style>",,,,,,,"[alcohol_and_drug_input] = '2'",,,,,,
amount_alcohol,hour_inventory_form,,text,"<p style= ""margin-left:.75in""> Amount </p style>",,,,,,,"[alcohol_and_drug_input] = '2'",,,,,,
p_style_margin_left_5in_ad,hour_inventory_form,,yesno,"<p style= ""margin-left:.5in""> Add another entry? </p style>",,,,,,,"[alcohol_and_drug_input] = '2'",,,,,,
alcohol_and_drug2,hour_inventory_form,,descriptive,"Entry 2",,,,,,,"[p_style_margin_left_5in_ad] = '1'",,,,,,
day_and_time_alcohol2,hour_inventory_form,,text,"<p style= ""margin-left:.75in""> Day and Time </p style>",,,,,,,"[p_style_margin_left_5in_ad] = '1'",,,,,,
type_alcohol2,hour_inventory_form,,text,"<p style= ""margin-left:.75in""> Type </p style>",,,,,,,"[p_style_margin_left_5in_ad] = '1'",,,,,,
amount_alcohol2,hour_inventory_form,,text,"<p style= ""margin-left:.75in""> Amount </p style>",,,,,,,"[p_style_margin_left_5in_ad] = '1'",,,,,,
please_list_caffeine,hour_inventory_form,"<center> <I> Caffeine Use </center> </I>",descriptive,"Please list below the amounts, types, and time of any caffeine use within the last 24 hours:",,,,,,,,,,,,,
caffeine_input,hour_inventory_form,,radio,,"1, None | 2, I have had caffeine",,,,,,,,LV,,,,
caffeine_1,hour_inventory_form,,descriptive,"Entry 1",,,,,,,"[caffeine_input] = '2'",,,,,,
day_and_time_caffeine,hour_inventory_form,,text,"<p style= ""margin-left:.75in""> Day and Time </p style>",,,,,,,"[caffeine_input] = '2'",,,,,,
type_caffeine,hour_inventory_form,,text,"<p style= ""margin-left:.75in""> Type </p style>",,,,,,,"[caffeine_input] = '2'",,,,,,
amount_caffeine,hour_inventory_form,,text,"<p style= ""margin-left:.75in""> Amount </p style>",,,,,,,"[caffeine_input] = '2'",,,,,,
add_another_entry_caffeine,hour_inventory_form,,yesno,"<p style= ""margin-left:.5in""> Add another entry? </p style>",,,,,,,"[caffeine_input] = '2'",,,,,,
caffeine_2,hour_inventory_form,,descriptive,"Entry 2",,,,,,,"[add_another_entry_caffeine] = '1'",,,,,,
day_and_time_caffeine2,hour_inventory_form,,text,"<p style= ""margin-left:.75in""> Day and Time </p style>",,,,,,,"[add_another_entry_caffeine] = '1'",,,,,,
type_caffeine2,hour_inventory_form,,text,"<p style= ""margin-left:.75in""> Type </p style>",,,,,,,"[add_another_entry_caffeine] = '1'",,,,,,
amount_caffeine2,hour_inventory_form,,text,"<p style= ""margin-left:.75in""> Amount </p style>",,,,,,,"[add_another_entry_caffeine] = '1'",,,,,,
add_another_entry_caf2_f7b,hour_inventory_form,,yesno,"<p style= ""margin-left:.5in""> Add another entry? </p style>",,,,,,,"[add_another_entry_caffeine] = '1'",,,,,,
caffeine_3,hour_inventory_form,,descriptive,"Entry 3",,,,,,,"[add_another_entry_caf2_f7b] = '1'",,,,,,
day_and_time_caffeine3,hour_inventory_form,,text,"<p style= ""margin-left:.75in""> Day and Time </p style>",,,,,,,"[add_another_entry_caf2_f7b] = '1'",,,,,,
type_caffeine3,hour_inventory_form,,text,"<p style= ""margin-left:.75in""> Type </p style>",,,,,,,"[add_another_entry_caf2_f7b] = '1'",,,,,,
amount_caffeine3,hour_inventory_form,,text,"<p style= ""margin-left:.75in""> Amount </p style>",,,,,,,"[add_another_entry_caf2_f7b] = '1'",,,,,,
please_list_tobacco,hour_inventory_form,"<center> <I> Tobacco </center> </I>",descriptive,"Please list below the amounts, types, and time of any tobacco use within the last 24 hours:",,,,,,,,,,,,,
tobacco_options,hour_inventory_form,,radio,,"1, None | 2, I have used tobacco",,,,,,,,LV,,,,
tobacco_1,hour_inventory_form,,descriptive,"Entry 1",,,,,,,"[tobacco_options] = '2'",,,,,,
day_and_time_tobacco,hour_inventory_form,,text,"<p style= ""margin-left:.75in""> Day and Time </p style>",,,,,,,"[tobacco_options] = '2'",,,,,,
type_tobacco,hour_inventory_form,,text,"<p style= ""margin-left:.75in""> Type </p style>",,,,,,,"[tobacco_options] = '2'",,,,,,
amount_tobacco,hour_inventory_form,,text,"<p style= ""margin-left:.75in""> Amount </p style>",,,,,,,"[tobacco_options] = '2'",,,,,,
add_another_entry_tobacco,hour_inventory_form,,yesno,"<p style= ""margin-left:.5in""> Add another entry? </p style>",,,,,,,"[tobacco_options] = '2'",,,,,,
tobacco_2,hour_inventory_form,,descriptive,"Entry 2",,,,,,,"[add_another_entry_tobacco] = '1'",,,,,,
day_and_time_tobacco2,hour_inventory_form,,text,"<p style= ""margin-left:.75in""> Day and Time </p style>",,,,,,,"[add_another_entry_tobacco] = '1'",,,,,,
type_tobacco2,hour_inventory_form,,text,"<p style= ""margin-left:.75in""> Type </p style>",,,,,,,"[add_another_entry_tobacco] = '1'",,,,,,
amount_tobacco2,hour_inventory_form,,text,"<p style= ""margin-left:.75in""> Amount </p style>",,,,,,,"[add_another_entry_tobacco] = '1'",,,,,,
can_you_think_of_any_reaso,hour_inventory_form,"<center> <I> Other </center> </I>",yesno,"Can you think of any reason that today's test session should be postponed?",,,,,,,,,,,,,
p_style_margin_left_5in_pl,hour_inventory_form,,notes,"<p style= ""margin-left:.5in""> Please describe </p style>",,,,,,,"[can_you_think_of_any_reaso] = '1'",,,,,,
your_initials,hour_inventory_form,,text,"<font size= 3> Your Initials: </font>",,,,,,,,y,,,,,
investigators_initials,hour_inventory_form,,text,"<font size= 3> Investigator's Initials: </font>",,,,,,,,y,,,,,
hab_date,us_habituation_data,,text,Date,,,date_mdy,,,,,,,,,,
sub,us_habituation_data,,text,"Subject #",,,,,,,,,,,,,
agnum,us_habituation_data,,text,"ActiGraph #",,,,,,,,,,,,,
handlegrand,us_habituation_data,,radio,"Which will be measured first for study?","1, Hand | 2, Leg",,,,,,,,,,,,
hab_op,us_habituation_data,PERSONEL,radio,"US Operator","1, CC | 2, EB | 3, PG | 4, SS | 5, TT",,,,,,,,,,hab_personel,,
hab_assist,us_habituation_data,,radio,Assistant,"1, CC | 2, EB | 3, PG | 4, SS | 5, TT",,,,,,,,,,hab_personel,,
hab_legforce,us_habituation_data,,text,"Leg Force (N)",,,,,,,,,,,,,
hab_legdepth,us_habituation_data,,text,"Leg Depth (cm)",,,,,,,,,,,,,
hab_legprf,us_habituation_data,,text,"Leg PRF",,,,,,,,,,,,,
hab_legnotes,us_habituation_data,,notes,"Leg Notes",,,,,,,,,,,,,
hab_handforce,us_habituation_data,,text,"Hand Force (N)",,,,,,,,,,,,,
hab_handdepth,us_habituation_data,,text,"Hand Depth (cm)",,,,,,,,,,,,,
hab_handprf,us_habituation_data,,text,"Hand PRF",,,,,,,,,,,,,
hab_handnotes,us_habituation_data,,notes,"Hand Notes",,,,,,,,,,,,,
subject,us_data_collection,"General Information",text,"Subject #",,,,,,,,,,,,,
date,us_data_collection,,text,Date,,,date_dmy,,,,,,,,,,
comp,us_data_collection,,radio,Computer,"1, New Laptop | 2, Old Laptop",,,,,,,,,,,,
fbox,us_data_collection,,radio,"Force Box","1, B | 2, E",,,,,,,,,,,,
order,us_data_collection,,radio,"Which was measured first?","1, Hand | 2, Leg","Randomized in habituation form",,,,,,,,,,,
operator,us_data_collection,Personnel,checkbox,"US Operator","0, CC | 1, TT | 2, CE | 3, EB | 4, SS | 5, ES | 6, PG",,,,,,,,,,personnel,,
assistant,us_data_collection,,checkbox,Assistant,"0, CC | 1, TT | 2, CE | 3, EB | 4, SS | 5, ES | 6, PG",,,,,,,,,,personnel,,
legforcefile,us_data_collection,"Leg Protocol",text,"Force File Name (leg)",,,,,,,,,,,,,
leg,us_data_collection,,text,"Target Leg Force (N)",,,,,,,,,,,,,
legmin,us_data_collection,,calc,"Target Leg Force -5%",[leg]*0.95,,,,,,,,,,,,
legmax,us_data_collection,,calc,"Target Leg Force +5%",[leg]*1.05,,,,,,,,,,,,
legprf,us_data_collection,,text,"Leg PRF (Hz)",,,,,,,,,,,,,
legdepth,us_data_collection,,text,"Vessel Depth (cm)",,,,,,,,,,,,,
legnotes,us_data_collection,,notes,Notes,,,,,,,,,,,,,
legbmode,us_data_collection,,text,"B-Mode Resting Data DVD Chapter",,,,,,,,,,,,,
leg1_dvd,us_data_collection,"Leg Contraction #1",text,"DVD Chapter",,,,,,,,,,,,,
leg1_pr,us_data_collection,,radio,Contraction,"1, Practice | 2, Real",,,,,,"[leg1_dvd]  <> """"",,RV,,,,
leg1_force,us_data_collection,,radio,Force,"1, 1 | 2, 2 | 3, 3","1=Bad, 2=Acceptable, 3=Excellent",,,,,"[leg1_dvd]  <> """"",,RV,,,,
leg1_aprxforce,us_data_collection,,text,"Approximate Force",,,,,,,"[leg1_dvd]  <> """"",,RV,,,,
leg1_shape,us_data_collection,,radio,Shape,"1, 1 | 2, 2 | 3, 3","1=Bad, 2=Acceptable, 3=Excellent",,,,,"[leg1_dvd]  <> """"",,RV,,,,
leg1_keep,us_data_collection,,yesno,Keep?,,,,,,,"[leg1_dvd]  <> """"",,RV,,,,
leg1_notes,us_data_collection,,text,Notes,,,,,,,"[leg1_dvd]  <> """"",,,,,,
leg2_dvd,us_data_collection,"Leg Contraction #2",text,"DVD Chapter",,,,,,,"[leg1_dvd]  <> """"",,,,,,
leg2_pr,us_data_collection,,radio,,"1, Practice | 2, Real",,,,,,"[leg2_dvd]  <> """"",,RV,,,,
leg2_force,us_data_collection,,radio,Force,"1, 1 | 2, 2 | 3, 3","1=Bad, 2=Acceptable, 3=Excellent",,,,,"[leg2_dvd]  <> """"",,RV,,,,
leg2_aprxforce,us_data_collection,,text,"Approximate Force",,,,,,,"[leg2_dvd]  <> """"",,RV,,,,
leg2_shape,us_data_collection,,radio,Shape,"1, 1 | 2, 2 | 3, 3","1=Bad, 2=Acceptable, 3=Excellent",,,,,"[leg2_dvd]  <> """"",,RV,,,,
leg2_keep,us_data_collection,,yesno,Keep?,,,,,,,"[leg2_dvd]  <> """"",,RV,,,,
leg2_notes,us_data_collection,,text,Notes,,,,,,,"[leg2_dvd]  <> """"",,,,,,
leg3_dvd,us_data_collection,"Leg Contraction #3",text,"DVD Chapter",,,,,,,"[leg2_dvd]  <> """"",,,,,,
leg3_pr,us_data_collection,,radio,,"1, Practice | 2, Real",,,,,,"[leg3_dvd]  <> """"",,RV,,,,
leg3_force,us_data_collection,,radio,Force,"1, 1 | 2, 2 | 3, 3","1=Bad, 2=Acceptable, 3=Excellent",,,,,"[leg3_dvd]  <> """"",,RV,,,,
leg3_aprxforce,us_data_collection,,text,"Approximate Force",,,,,,,"[leg3_dvd]  <> """"",,RV,,,,
leg3_shape,us_data_collection,,radio,Shape,"1, 1 | 2, 2 | 3, 3","1=Bad, 2=Acceptable, 3=Excellent",,,,,"[leg3_dvd]  <> """"",,RV,,,,
leg3_keep,us_data_collection,,yesno,Keep?,,,,,,,"[leg3_dvd]  <> """"",,RV,,,,
leg3_notes,us_data_collection,,text,Notes,,,,,,,"[leg3_dvd]  <> """"",,,,,,
leg4_dvd,us_data_collection,"Leg Contraction #4",text,"DVD Chapter",,,,,,,"[leg3_dvd]  <> """"",,,,,,
leg4_pr,us_data_collection,,radio,Contraction,"1, Practice | 2, Real",,,,,,"[leg4_dvd]  <> """"",,RV,,,,
leg4_force,us_data_collection,,radio,Force,"1, 1 | 2, 2 | 3, 3","1=Bad, 2=Acceptable, 3=Excellent",,,,,"[leg4_dvd]  <> """"",,RV,,,,
leg4_aprxforce,us_data_collection,,text,"Approximate Force",,,,,,,"[leg4_dvd]  <> """"",,RV,,,,
leg4_shape,us_data_collection,,radio,Shape,"1, 1 | 2, 2 | 3, 3","1=Bad, 2=Acceptable, 3=Excellent",,,,,"[leg4_dvd]  <> """"",,RV,,,,
leg4_keep,us_data_collection,,yesno,Keep?,,,,,,,"[leg4_dvd]  <> """"",,RV,,,,
leg4_notes,us_data_collection,,text,Notes,,,,,,,"[leg4_dvd]  <> """"",,,,,,
leg5_dvd,us_data_collection,"Leg Contraction #5",text,"DVD Chapter",,,,,,,"[leg4_dvd]  <> """"",,,,,,
leg5_pr,us_data_collection,,radio,Contraction,"1, Practice | 2, Real",,,,,,"[leg5_dvd]  <> """"",,RV,,,,
leg5_force,us_data_collection,,radio,Force,"1, 1 | 2, 2 | 3, 3","1=Bad, 2=Acceptable, 3=Excellent",,,,,"[leg5_dvd]  <> """"",,RV,,,,
leg5_aprxforce,us_data_collection,,text,"Approximate Force",,,,,,,"[leg5_dvd]  <> """"",,RV,,,,
leg5_shape,us_data_collection,,radio,Shape,"1, 1 | 2, 2 | 3, 3","1=Bad, 2=Acceptable, 3=Excellent",,,,,"[leg5_dvd]  <> """"",,RV,,,,
leg5_keep,us_data_collection,,yesno,Keep?,,,,,,,"[leg5_dvd]  <> """"",,RV,,,,
leg5_notes,us_data_collection,,text,Notes,,,,,,,"[leg5_dvd]  <> """"",,,,,,
leg6_dvd,us_data_collection,"Leg Contraction #6",text,"DVD Chapter",,,,,,,"[leg5_dvd]  <> """"",,,,,,
leg6_pr,us_data_collection,,radio,Contraction,"1, Practice | 2, Real",,,,,,"[leg6_dvd]  <> """"",,RV,,,,
leg6_force,us_data_collection,,radio,Force,"1, 1 | 2, 2 | 3, 3","1=Bad, 2=Acceptable, 3=Excellent",,,,,"[leg6_dvd]  <> """"",,RV,,,,
leg6_aprxforce,us_data_collection,,text,"Approximate Force",,,,,,,"[leg6_dvd]  <> """"",,RV,,,,
leg6_shape,us_data_collection,,radio,Shape,"1, 1 | 2, 2 | 3, 3","1=Bad, 2=Acceptable, 3=Excellent",,,,,"[leg6_dvd]  <> """"",,RV,,,,
leg6_keep,us_data_collection,,yesno,Keep?,,,,,,,"[leg6_dvd]  <> """"",,RV,,,,
leg6_notes,us_data_collection,,text,Notes,,,,,,,"[leg6_dvd]  <> """"",,,,,,
leg7_dvd,us_data_collection,"Leg Contraction #7",text,"DVD Chapter",,,,,,,"[leg6_dvd]  <> """"",,,,,,
leg7_pr,us_data_collection,,radio,,"1, Practice | 2, Real",,,,,,"[leg7_dvd]  <> """"",,RV,,,,
leg7_force,us_data_collection,,radio,Force,"1, 1 | 2, 2 | 3, 3","1=Bad, 2=Acceptable, 3=Excellent",,,,,"[leg7_dvd]  <> """"",,RV,,,,
leg7_aprxforce,us_data_collection,,text,"Approximate Force",,,,,,,"[leg7_dvd]  <> """"",,RV,,,,
leg7_shape,us_data_collection,,radio,Shape,"1, 1 | 2, 2 | 3, 3","1=Bad, 2=Acceptable, 3=Excellent",,,,,"[leg7_dvd]  <> """"",,RV,,,,
leg7_keep,us_data_collection,,yesno,Keep?,,,,,,,"[leg7_dvd]  <> """"",,RV,,,,
leg7_notes,us_data_collection,,text,Notes,,,,,,,"[leg7_dvd]  <> """"",,,,,,
leg8_dvd,us_data_collection,"Leg Contraction #8",text,"DVD Chapter",,,,,,,"[leg7_dvd]  <> """"",,,,,,
leg8_pr,us_data_collection,,radio,Contraction,"1, Practice | 2, Real",,,,,,"[leg8_dvd]  <> """"",,RV,,,,
leg8_force,us_data_collection,,radio,Force,"1, 1 | 2, 2 | 3, 3","1=Bad, 2=Acceptable, 3=Excellent",,,,,"[leg8_dvd]  <> """"",,RV,,,,
leg8_aprxforce,us_data_collection,,text,"Approximate Force",,,,,,,"[leg8_dvd]  <> """"",,RV,,,,
leg8_shape,us_data_collection,,radio,Shape,"1, 1 | 2, 2 | 3, 3","1=Bad, 2=Acceptable, 3=Excellent",,,,,"[leg8_dvd]  <> """"",,RV,,,,
leg8_keep,us_data_collection,,yesno,Keep?,,,,,,,"[leg8_dvd]  <> """"",,RV,,,,
leg8_notes,us_data_collection,,text,Notes,,,,,,,"[leg8_dvd]  <> """"",,,,,,
handforcefile,us_data_collection,"Hand Protocol",text,"Force File Name (hand)",,,,,,,,,,,,,
hand,us_data_collection,,text,"Target Hand Force (N)",,,,,,,,,,,,,
handmin,us_data_collection,,calc,"Target Hand Force -5%",[hand]*0.95,,,,,,,,,,,,
handmax,us_data_collection,,calc,"Target Hand Force +5%",[hand]*1.05,,,,,,,,,,,,
handprf,us_data_collection,,text,"Hand PRF (Hz)",,,,,,,,,,,,,
handdepth,us_data_collection,,text,"Vessel Depth (cm)",,,,,,,,,,,,,
handnotes,us_data_collection,,notes,Notes,,,,,,,,,,,,,
handbmode,us_data_collection,,text,"B-Mode Resting Data DVD Chapter",,,,,,,,,,,,,
hand1_dvd,us_data_collection,"Hand Contraction #1",text,"DVD Chapter",,,,,,,,,,,,,
hand1_pr,us_data_collection,,radio,Contraction,"1, Practice | 2, Real",,,,,,"[hand1_dvd]  <> """"",,RV,,,,
hand1_force,us_data_collection,,radio,Force,"1, 1 | 2, 2 | 3, 3","1=Bad, 2=Acceptable, 3=Excellent",,,,,"[hand1_dvd]  <> """"",,RV,,,,
hand1_aprxforce,us_data_collection,,text,"Approximate Force",,,,,,,"[hand1_dvd]  <> """"",,RV,,,,
hand1_shape,us_data_collection,,radio,Shape,"1, 1 | 2, 2 | 3, 3","1=Bad, 2=Acceptable, 3=Excellent",,,,,"[hand1_dvd]  <> """"",,RV,,,,
hand1_keep,us_data_collection,,yesno,Keep?,,,,,,,"[hand1_dvd]  <> """"",,RV,,,,
hand1_notes,us_data_collection,,text,Notes,,,,,,,"[hand1_dvd]  <> """"",,,,,,
hand2_dvd,us_data_collection,"Hand Contraction #2",text,"DVD Chapter",,,,,,,"[hand1_dvd]  <> """"",,,,,,
hand2_pr,us_data_collection,,radio,,"1, Practice | 2, Real",,,,,,"[hand2_dvd]  <> """"",,RV,,,,
hand2_force,us_data_collection,,radio,Force,"1, 1 | 2, 2 | 3, 3","1=Bad, 2=Acceptable, 3=Excellent",,,,,"[hand2_dvd]  <> """"",,RV,,,,
hand2_aprxforce,us_data_collection,,text,"Approximate Force",,,,,,,"[hand2_dvd]  <> """"",,RV,,,,
hand2_shape,us_data_collection,,radio,Shape,"1, 1 | 2, 2 | 3, 3","1=Bad, 2=Acceptable, 3=Excellent",,,,,"[hand2_dvd]  <> """"",,RV,,,,
hand2_keep,us_data_collection,,yesno,Keep?,,,,,,,"[hand2_dvd]  <> """"",,RV,,,,
hand2_notes,us_data_collection,,text,Notes,,,,,,,"[hand2_dvd]  <> """"",,,,,,
hand3_dvd,us_data_collection,"Hand Contraction #3",text,"DVD Chapter",,,,,,,"[hand2_dvd]  <> """"",,,,,,
hand3_pr,us_data_collection,,radio,,"1, Practice | 2, Real",,,,,,"[hand3_dvd]  <> """"",,RV,,,,
hand3_force,us_data_collection,,radio,Force,"1, 1 | 2, 2 | 3, 3","1=Bad, 2=Acceptable, 3=Excellent",,,,,"[hand3_dvd]  <> """"",,RV,,,,
hand3_aprxforce,us_data_collection,,text,"Approximate Force",,,,,,,"[hand3_dvd]  <> """"",,RV,,,,
hand3_shape,us_data_collection,,radio,Shape,"1, 1 | 2, 2 | 3, 3","1=Bad, 2=Acceptable, 3=Excellent",,,,,"[hand3_dvd]  <> """"",,RV,,,,
hand3_keep,us_data_collection,,yesno,Keep?,,,,,,,"[hand3_dvd]  <> """"",,RV,,,,
hand3_notes,us_data_collection,,text,Notes,,,,,,,"[hand3_dvd]  <> """"",,,,,,
hand4_dvd,us_data_collection,"Hand Contraction #4",text,"DVD Chapter",,,,,,,"[hand3_dvd]  <> """"",,,,,,
hand4_pr,us_data_collection,,radio,Contraction,"1, Practice | 2, Real",,,,,,"[hand4_dvd]  <> """"",,RV,,,,
hand4_force,us_data_collection,,radio,Force,"1, 1 | 2, 2 | 3, 3","1=Bad, 2=Acceptable, 3=Excellent",,,,,"[hand4_dvd]  <> """"",,RV,,,,
hand4_aprxforce,us_data_collection,,text,"Approximate Force",,,,,,,"[hand4_dvd]  <> """"",,RV,,,,
hand4_shape,us_data_collection,,radio,Shape,"1, 1 | 2, 2 | 3, 3","1=Bad, 2=Acceptable, 3=Excellent",,,,,"[hand4_dvd]  <> """"",,RV,,,,
hand4_keep,us_data_collection,,yesno,Keep?,,,,,,,"[hand4_dvd]  <> """"",,RV,,,,
hand4_notes,us_data_collection,,text,Notes,,,,,,,"[hand4_dvd]  <> """"",,,,,,
hand5_dvd,us_data_collection,"Hand Contraction #5",text,"DVD Chapter",,,,,,,"[hand4_dvd]  <> """"",,,,,,
hand5_pr,us_data_collection,,radio,Contraction,"1, Practice | 2, Real",,,,,,"[hand5_dvd]  <> """"",,RV,,,,
hand5_force,us_data_collection,,radio,Force,"1, 1 | 2, 2 | 3, 3","1=Bad, 2=Acceptable, 3=Excellent",,,,,"[hand5_dvd]  <> """"",,RV,,,,
hand5_aprxforce,us_data_collection,,text,"Approximate Force",,,,,,,"[hand5_dvd]  <> """"",,RV,,,,
hand5_shape,us_data_collection,,radio,Shape,"1, 1 | 2, 2 | 3, 3","1=Bad, 2=Acceptable, 3=Excellent",,,,,"[hand5_dvd]  <> """"",,RV,,,,
hand5_keep,us_data_collection,,yesno,Keep?,,,,,,,"[hand5_dvd]  <> """"",,RV,,,,
hand5_notes,us_data_collection,,text,Notes,,,,,,,"[hand5_dvd]  <> """"",,,,,,
hand6_dvd,us_data_collection,"Hand Contraction #6",text,"DVD Chapter",,,,,,,"[hand5_dvd]  <> """"",,,,,,
hand6_pr,us_data_collection,,radio,Contraction,"1, Practice | 2, Real",,,,,,"[hand6_dvd]  <> """"",,RV,,,,
hand6_force,us_data_collection,,radio,Force,"1, 1 | 2, 2 | 3, 3","1=Bad, 2=Acceptable, 3=Excellent",,,,,"[hand6_dvd]  <> """"",,RV,,,,
hand6_aprxforce,us_data_collection,,text,"Approximate Force",,,,,,,"[hand6_dvd]  <> """"",,RV,,,,
hand6_shape,us_data_collection,,radio,Shape,"1, 1 | 2, 2 | 3, 3","1=Bad, 2=Acceptable, 3=Excellent",,,,,"[hand6_dvd]  <> """"",,RV,,,,
hand6_keep,us_data_collection,,yesno,Keep?,,,,,,,"[hand6_dvd]  <> """"",,RV,,,,
hand6_notes,us_data_collection,,text,Notes,,,,,,,"[hand6_dvd]  <> """"",,,,,,
hand7_dvd,us_data_collection,"Hand Contraction #7",text,"DVD Chapter",,,,,,,"[hand6_dvd]  <> """"",,,,,,
hand7_pr,us_data_collection,,radio,,"1, Practice | 2, Real",,,,,,"[hand7_dvd]  <> """"",,RV,,,,
hand7_force,us_data_collection,,radio,Force,"1, 1 | 2, 2 | 3, 3","1=Bad, 2=Acceptable, 3=Excellent",,,,,"[hand7_dvd]  <> """"",,RV,,,,
hand7_aprxforce,us_data_collection,,text,"Approximate Force",,,,,,,"[hand7_dvd]  <> """"",,RV,,,,
hand7_shape,us_data_collection,,radio,Shape,"1, 1 | 2, 2 | 3, 3","1=Bad, 2=Acceptable, 3=Excellent",,,,,"[hand7_dvd]  <> """"",,RV,,,,
hand7_keep,us_data_collection,,yesno,Keep?,,,,,,,"[hand7_dvd]  <> """"",,RV,,,,
hand7_notes,us_data_collection,,text,Notes,,,,,,,"[hand7_dvd]  <> """"",,,,,,
hand8_dvd,us_data_collection,"Hand Contraction #8",text,"DVD Chapter",,,,,,,"[hand7_dvd]  <> """"",,,,,,
hand8_pr,us_data_collection,,radio,Contraction,"1, Practice | 2, Real",,,,,,"[hand8_dvd]  <> """"",,RV,,,,
hand8_force,us_data_collection,,radio,Force,"1, 1 | 2, 2 | 3, 3","1=Bad, 2=Acceptable, 3=Excellent",,,,,"[hand8_dvd]  <> """"",,RV,,,,
hand8_aprxforce,us_data_collection,,text,"Approximate Force",,,,,,,"[hand8_dvd]  <> """"",,RV,,,,
hand8_shape,us_data_collection,,radio,Shape,"1, 1 | 2, 2 | 3, 3","1=Bad, 2=Acceptable, 3=Excellent",,,,,"[hand8_dvd]  <> """"",,RV,,,,
hand8_keep,us_data_collection,,yesno,Keep?,,,,,,,"[hand8_dvd]  <> """"",,RV,,,,
hand8_notes,us_data_collection,,text,Notes,,,,,,,"[hand8_dvd]  <> """"",,,,,,
